{
    "test_split": {
        "MinFDE_1": 6.846054513868006,
        "MinFDE_5": 2.0579329657982495,
        "MinFDE_10": 2.0579329657982495,
        "MinADE_1": 2.986988394112144,
        "MinADE_5": 1.1351427155944178,
        "MinADE_10": 1.1351427155944178,
        "MissRateTopK_2_1": 0.8284481805110054,
        "MissRateTopK_2_5": 0.4682004203074881,
        "MissRateTopK_2_10": 0.4682004203074881,
        "OffRoadRate": 0.010994359031080633
    }
}